Name,Time
Hunghx,0 days 00:00:00.296480000
unknown,0 days 00:00:00.284933000
