Name,Time
Ho Xuan Hung,0 days 00:00:00.265669000
Nguyen Van Giang,0 days 00:00:00.253669000
unknown,0 days 00:00:00.867545000
